Run_Order,Location,Date,Li7,Be9,Mg24,Al27,Si29,P31,Ca43,Ca44,Ti47,V51,Cr52,Mn55,Fe56,Co59,Ni60,Cu63,Zn64,Zn66,As75,Se78,Rb85,Sr88,Mo95,Cd111,Sb121,Cs133,Ba137,Ba138,Hg202,Pb208,Bi209,Th232,U238,S34,Br79,Sn118
23,Northern,2-Feb-11,1.09326675,0.00463764,87.35279959,65.20572987,2827.801731,1.108690536,257.1622805,259.7516768,2.553096923,0.08051695,0.102701086,0.282491491,23.91035067,0.007155032,0.16407674,8.354774894,2.112649761,2.383454396,0.040090448,0.099965258,0.018054821,0.240430469,0.03934427,0.014417809,0.145085244,0.002815659,1.085591909,1.427066786,0.007371819,1.667503804,0.01026593,0.005297108,0.004039662,70.67798017,0.094015629,0.060239276
24,Northern,8-Feb-11,0.026338247,0.001101246,118.3250767,82.17386755,2355.711749,1.257577756,274.8373826,294.3935775,0.632619048,0.039457639,0.161569247,0.322782559,19.58623507,0.011022143,0.244429567,10.34879056,1.342926869,1.282597275,0.033316125,0.08885886,0.028544317,0.22338845,0.04001431,0.004383631,0.176282511,0.002628544,1.217005879,1.409303292,0.014801329,0.375554604,0.014291741,0.005317277,0.002666012,178.5963536,0.022294288,0.025368828
25,Northern,14-Feb-11,0.051644909,0.002291123,137.3320711,113.8116281,2794.192672,1.310609616,326.055787,328.2775834,2.053595591,0.117668149,0.134180618,0.798560503,37.90540315,0.017103655,0.135525764,13.56012448,2.143628133,2.678933903,0.080669803,0.18118203,0.047956614,0.451362997,0.027873594,0.025420803,0.550616832,0.004237614,1.626318012,1.675422563,0.01403249,0.865201426,0.015716984,0.0089775,0.004282946,106.2664245,0.160977489,0.037332884
26,Northern,20-Feb-11,0.033823589,0.004132441,69.77803309,125.0235852,752.82001,1.416354113,338.3240657,405.6339136,1.726503412,0.083394037,0.162866626,0.634183913,47.0266096,0.008685331,0.090097282,26.88924148,4.228259479,4.134081823,0.158103683,0.099597018,0.054909278,0.349736743,0.046051656,0.061786046,0.436459903,0.004938355,1.569108768,2.936492372,0.011490698,2.961322581,0.01835895,0.010964546,0.003537867,51.10269165,0.108883242,0.045691654
27,Northern,26-Feb-11,0.020445551,0.001779276,96.83246741,78.45304406,1435.547301,1.441715405,339.4216556,317.4990217,1.397580183,0.04323263,0.223021342,0.337456432,22.61036116,0.005574669,0.06184775,16.58081135,1.28241814,1.181354252,0.09261856,0.191170556,0.025800422,0.374061185,0.031202975,0.01060908,0.371564726,0.002636372,1.285331143,1.389991003,0.026262329,0.412881006,0.018520925,0.00583204,0.00382637,297.0719489,0.264645931,0.074245286
29,Southern,2-Feb-11,0.048855528,0.003281579,89.03640643,72.24190072,-481.308721,1.108296601,195.9844407,200.1198656,0.618838357,0.08246252,0.048758736,0.25408229,19.52253242,0.002320837,0.188722204,18.94307902,1.005175173,0.760197976,0.024365496,0.059103707,-0.003928766,0.24258921,0.017164987,0.003052839,0.112901922,0.007132253,0.994880219,0.982153943,0.015235714,1.101023129,0.009153903,0.004963387,0.001965229,76.65191596,0.123388793,0.030581424
30,Southern,8-Feb-11,-0.001002009,0.003122042,32.28093533,108.062489,-214.423718,1.790239595,331.0851782,294.5853271,1.005211235,0.044796474,0.114164961,0.347158132,37.77133672,0.003810536,0.108163998,34.96896671,1.740960325,1.641393402,0.094180402,0.074073344,0.003870883,0.3940543,0.051250536,0.007660043,0.304739379,0.000476494,1.84655759,1.875153356,0.026329762,0.392461542,0.016462022,0.006560145,0.00276914,273.132479,0.200498285,0.078590246
31,Southern,14-Feb-11,0.000836559,0.002444012,35.62215831,85.0278952,-1309.70495,2.032910616,280.606454,263.5412299,0.900441154,0.125541617,0.948120155,0.327964433,24.01888186,0.005808197,0.217061176,13.11472582,1.490610322,1.134714634,0.041243281,0.02743173,0.034520282,0.363353035,0.015798453,0.005850165,0.159666368,0.002612135,1.062423168,1.198306667,0.011905584,0.21075782,0.006131806,0.008797089,0.003308079,94.68156676,0.149733795,0.016114812
32,Southern,20-Feb-11,-0.003932368,0.002616843,97.04617003,135.2389795,-1400.099054,0.765837658,441.7734337,431.9617162,0.708520867,0.333028355,0.06574865,0.577664956,22.8168772,0.006976146,0.461114216,56.8440289,1.709737392,1.531101815,0.072053991,-0.064256883,0.015964384,1.02048713,0.011024982,0.009664217,0.167704454,0.002444138,0.485550417,0.786606839,0.023785119,1.692249827,0.014404105,0.00768232,0.001579943,70.06816397,0.373929636,0.041356117
33,Southern,26-Feb-11,0.02549193,0.001952107,108.3646487,144.6876581,140.887525,2.133887136,340.5569888,381.8106612,1.626936064,0.844144798,0.198018376,0.28335915,41.99479118,0.006943482,0.754395246,24.71652252,1.234264164,1.045934893,0.118180643,0.122312858,0.064848531,0.764943818,0.042059506,0.004636482,0.18985661,0.010814643,1.294248844,1.482004597,0.013018195,0.810666847,0.016109928,0.010035546,0.004197468,129.6134038,0.619793287,0.029403965
35,Middle,2-Feb-11,-0.004428718,0.002949211,21.57946086,81.23043438,-852.971395,0.082631354,248.0084673,207.8609712,-0.162920982,-0.044912401,0.038612412,0.177999759,11.78466717,0.00534633,0.197821814,25.69077512,0.772739737,0.649597286,0.023642597,0.115970572,-0.012940834,0.139427236,0.01465786,0.005190092,0.128557745,-0.000400373,2.346014552,3.571740064,0.014560732,-1.512839474,0.009573569,0.005242591,0.000268701,109.0369984,0.41160062,0.015357284
36,Middle,8-Feb-11,0.041843566,0.002610196,296.4590241,307.4519843,-810.029106,0.302039809,1099.33131,1231.563059,1.675035668,0.05139597,0.264988639,0.352956387,36.06199015,0.007070778,0.089812402,66.1676028,1.205492124,1.206117516,0.067773668,0.134895506,0.075598852,1.1658065,0.034177197,0.005195415,0.185870928,0.004668144,0.978495383,1.460739048,0.018533707,-0.012356048,0.01351122,0.006483727,0.001776739,106.1595239,0.128799985,0.031905859
37,Middle,14-Feb-11,0.025901801,0.003288226,182.3236952,231.553839,-218.341224,1.066165885,788.8890645,859.7326017,2.248777769,0.128838369,0.121730794,0.57316126,40.84326306,0.007957882,0.140090475,77.54140332,1.873530232,1.859215057,0.047625717,0.102168126,0.117446996,0.877351352,0.02639621,0.005895412,0.270860843,0.007874542,1.568573014,1.951462312,0.016022808,0.140025953,0.011518903,0.013394348,0.003805837,127.5238345,0.588751343,0.045262465
38,Middle,20-Feb-11,-0.016982509,0.001599797,-47.94056439,78.31061151,-3351.240005,1.10477835,133.2747471,118.1155035,1.41554006,0.053392126,0.071821291,0.499428612,37.46557747,0.003313562,0.046106453,37.64792436,1.039010868,1.117923905,0.059192098,0.104288797,-0.00484026,0.271270184,0.024015377,0.002592384,0.211056073,-0.000092529,0.728645349,0.94967958,0.018710058,0.00068726,0.003174434,0.009627926,0.001411525,42.70469522,0.258991169,0.023107815
39,Middle,26-Feb-11,-0.029475494,0.004278683,-20.52193836,87.81770455,-3032.687421,1.754690318,211.2084032,244.814833,0.600202019,0.029762071,0.074778155,0.318031448,20.07060087,0.002265889,0.081941753,61.00128037,1.178908821,1.176461087,0.029490468,0.113284388,-0.018673757,0.436834007,0.048666716,0.007034571,0.269982974,0.000222993,1.466425006,1.371894873,0.025876197,0.080174766,0.010637846,0.004480609,0.000410357,97.75528083,0.420125552,0.032934524
43,Northern,4-Mar-11,0.102200775,0.003107713,316.6025526,201.211182,10064.4617,1.405283216,885.5498096,902.3858129,3.171788753,0.103804837,0.223952785,0.884649969,37.50678205,0.011804513,0.160629182,16.29506525,1.870599611,1.720184279,0.054748807,-0.153165092,0.180571909,1.226258715,0.038689078,0.005475741,0.111663361,0.008955769,2.656249806,2.876494904,0.006148978,0.607357135,0.03392171,0.011181106,0.007797109,79.70708507,0.029443783,0.087035193
44,Northern,10-Mar-11,0.11419481,0.001347175,337.6459706,144.7469711,13059.39722,0.932530299,717.4876763,816.6682315,0.893585372,0.023423984,0.164897584,0.352603456,15.91466985,0.004497043,0.060228157,15.37380106,1.035209718,0.988125759,0.048634439,-0.091912168,0.15195337,0.841623219,0.028292738,0.004700736,0.052947962,0.009673507,1.42860726,1.730002607,0.016360682,0.154027032,0.032673399,0.008647632,0.006324962,103.8238183,0.07183158,0.049643576
45,Northern,16-Mar-11,0.105997439,0.003300472,324.8106335,125.3658255,10500.32732,1.167291704,736.7438021,723.7648031,1.299419832,0.039817841,0.155092844,0.445645151,22.67935801,0.014468197,0.090738231,9.316428355,1.269362033,1.227433662,0.07053605,0.014499972,0.154874925,0.813102848,0.029557637,0.005422292,0.178810521,0.009077678,1.829225671,1.921258105,0.007864123,0.39686256,0.056851725,0.006733922,0.008525657,89.25490752,0.021358583,0.042853595
46,Northern,22-Mar-11,0.137575202,0.00426427,364.2781197,226.844303,11563.57854,13.72093227,978.4107766,1027.533691,4.028970835,0.260905728,0.28471889,1.892255628,52.06359495,0.020098106,0.324494975,18.59852857,2.33053063,1.973993954,0.099759088,0.047620429,0.230073902,1.688243544,0.049313798,0.016282635,0.213680464,0.016669811,2.979113715,3.392934837,0.009133313,0.670358075,0.053213565,0.013654987,0.009619623,250.8647268,0.437584096,0.055631901
47,Northern,28-Mar-11,0.110769615,0.002966356,309.8613754,140.6454166,9859.121995,2.002942096,686.4543251,712.0080576,1.135649147,0.036692155,0.169496229,0.273135789,13.51918595,0.003488575,0.116347624,11.97991152,0.954296528,0.935473984,0.071120929,-0.049877381,0.122234871,0.855120577,0.047396305,0.004832302,0.121766506,0.007730097,1.732649888,1.846571476,0.009353057,0.316397276,0.038634044,0.005580961,0.007572801,324.5900176,0.23525215,0.056443513
49,Southern,4-Mar-11,0.088506459,0.004110063,233.4141146,161.3610434,8227.6716,1.226482785,698.7918341,764.885716,2.363835955,1.898124994,0.410968368,0.60570849,34.42821506,0.00947326,0.726278322,37.81810697,1.068982588,1.099250201,0.052568941,-0.115200383,0.1461082,1.373908607,0.018825413,0.004963867,0.038000613,0.00861405,1.027080359,1.142753454,0.014809114,0.189479758,0.022716893,0.01183835,0.00932464,148.7920157,0.323911667,0.028790717
50,Southern,10-Mar-11,0.118948412,0.002304548,401.0239458,184.719102,12492.68005,2.98958729,897.4755585,930.037458,1.710097129,0.069992607,0.148815295,0.442814681,17.37477816,0.005987704,0.125222242,28.37706693,1.373055577,1.233440326,0.058244649,-0.079038715,0.165830586,1.132317345,0.019995966,0.005531245,0.067270636,0.009315924,1.331213648,1.55944931,0.014292064,0.926049208,0.048442328,0.007066073,0.00819046,186.8628134,0.279053594,0.030607457
51,Southern,16-Mar-11,0.031914643,0.001668441,174.2744929,108.0779252,2004.317284,1.444254334,403.8065508,449.4649056,1.451516124,0.082631611,0.087923947,0.219850878,14.68659232,0.003335493,0.061444746,17.17487606,0.435770916,0.422678216,0.032342887,-0.014994231,0.083689568,0.456472609,0.008672258,0.003004771,0.114477911,0.003228298,0.461353035,0.514804152,0.008701088,0.115659218,0.013609659,0.006402242,0.003558982,31.3361633,0.045747614,0.015478847
52,Southern,22-Mar-11,0.142743882,0.003750245,376.4159669,258.2655229,9521.352042,8.017649976,1129.948167,1223.237787,4.784891138,0.317628671,0.451369679,1.53282505,85.99159635,0.02406042,0.517562721,20.50253687,1.88046324,1.960762778,0.133143416,0.032356372,0.35329796,2.803704733,0.042956632,0.011513376,0.206704206,0.032493638,2.208597353,2.150197906,0.006910005,0.728591375,0.043236711,0.039494536,0.017786444,336.3071021,0.541191497,0.058225846
53,Southern,28-Mar-11,0.079106657,0.004090787,259.8153213,135.5175502,7900.933661,3.602207671,659.2841937,712.4655417,0.909902371,0.068933546,0.096462473,0.280684163,8.798289982,0.003256386,0.127193955,20.32965515,0.926928952,0.852749896,0.045160977,-0.124765321,0.107502474,2.311308897,0.015484631,0.003790054,0.054869,0.005150841,0.849203033,1.031998805,0.00970771,0.256755534,0.029351493,0.00557704,0.004954193,264.5833267,0.271819467,0.035349283
55,Middle,4-Mar-11,0.052768637,0.001822649,235.5298017,151.1795669,4168.025949,0.71128702,599.3153348,660.6027214,1.568378829,0.060288012,0.128815743,0.285033034,15.60848665,0.003854824,0.084498921,54.01998583,0.64895268,0.601692416,0.025342249,-0.091796168,0.094969998,0.89515859,0.023721805,0.00192552,0.062760385,0.00576039,0.873612656,1.013909782,0.014142184,0.154886883,0.019587761,0.019439869,0.004075263,55.51428695,0.269460984,0.026529661
56,Middle,10-Mar-11,0.067864445,0.001019484,231.803877,102.5981524,7306.887993,0.482413567,503.5619843,524.9750667,0.581437911,0.018161304,0.067320255,0.150828181,6.231443298,0.002431193,0.001042428,26.97679168,0.539381758,0.361923521,0.029249894,-0.110197263,0.08122118,0.708508251,0.012949889,0.001633609,0.014418321,0.006104253,0.540391762,0.653934289,0.014574802,0.164222477,0.021677098,0.003843833,0.004545551,19.63388791,0.107118681,0.015093912
57,Middle,16-Mar-11,0.040444721,0.001989707,201.2129066,138.4245803,3846.365109,1.92696463,570.3178417,613.8284817,1.333133034,0.041026278,0.177990617,0.284150444,19.12343874,0.003994017,0.136831325,107.0895538,0.632882241,0.604598275,0.042688671,-0.065449089,0.098028877,0.719021691,0.047189205,0.003862004,0.17669873,0.005328489,1.200137635,1.66952259,0.019139341,0.291022147,0.025969936,0.004572276,0.003100976,52.63230394,0.168579904,0.058792769
58,Middle,22-Mar-11,0.089636615,0.004579111,251.9337966,181.7441929,7185.055228,11.77653481,735.3008303,727.9509331,2.298669768,0.345069902,0.259482347,1.141962533,43.89627969,0.018706481,0.398771749,148.3962777,3.0414494,3.178216677,0.096416925,0.088220349,0.229348835,1.674962039,0.055528664,0.024429435,0.184048389,0.011515587,2.507889095,2.857109218,0.009440696,0.107473182,0.038125337,0.013506946,0.008012266,390.9160153,2.318146774,0.058979648
59,Middle,28-Mar-11,0.029796458,0.001507808,153.5298782,106.9511511,2011.142634,0.835760606,501.0958511,567.1039674,0.674469922,0.02156367,0.079554248,0.187277524,8.921234394,0.002548345,0.058641633,46.04019974,0.446351299,0.501173098,0.019514352,0.035410192,0.076220205,0.653942654,0.017190736,0.004069631,0.064357197,0.004016209,0.726412795,1.134090243,0.009629335,0.117846762,0.012044665,0.00349553,0.001539853,27.81160053,0.143952861,0.045171938
63,Northern,3-Apr-11,-0.000219628,0.000943326,81.81618333,84.77752855,2196.0309,10.12588701,279.3897431,343.8004748,1.368091098,0.02292663,0.074375412,0.43330259,21.48220343,0.006736344,0.045972902,9.653214498,1.75662686,1.444618317,0.050567897,-0.015694502,0.124919429,0.675560059,0.014368379,0.113121629,0.205650123,0.001981186,1.301426257,1.129802909,0.012454468,8.463713491,0.017336893,0.007733294,0.005308432,55.85113131,0.038910857,0.027537251
64,Northern,9-Apr-11,0.000512958,0.002428879,-23.74346254,91.7761703,-2707.232287,9.237836415,283.3178721,222.5627386,3.237281592,0.147555441,0.129553463,0.90723446,51.3607936,0.011710811,0.187697372,12.73760181,0.858860974,0.975914852,0.051952425,0.018760463,0.225028079,1.080564749,0.024975952,0.01271841,0.273699423,0.007084541,1.048208364,1.671127367,0.008128003,8.396980928,0.013398877,0.015670071,0.002215211,100.3841586,0.148345194,0.03842512
65,Northern,15-Apr-11,0.048803358,0.001686103,51.78928015,167.091921,624.248264,3.488407476,348.3893263,388.0588587,4.408774483,0.143144962,0.135177933,1.212851685,48.51105974,0.010671515,0.199079796,7.65964549,1.163677617,1.067461992,0.037914324,-0.021249314,0.155537003,0.707072043,0.038825716,0.014323986,0.21057629,0.009653071,1.888973309,1.686337865,0.007903748,24.39036177,0.025733496,0.025861721,0.005818247,145.3534582,0.227967139,0.025523474
66,Northern,21-Apr-11,0.041751921,0.000750204,36.14817432,76.78352174,1171.498104,0.936862144,263.2337652,279.1914829,1.314172933,0.13001001,0.321146384,1.532955817,17.71570427,0.005972829,0.076070279,15.27058038,0.904277175,1.439112385,0.04561694,-0.083332848,0.065165987,0.554491966,0.020697422,0.002834084,0.152626353,0.004603615,1.137625667,1.03371511,0.01877683,8.001661942,0.026346987,0.007207852,0.003163184,49.22278984,0.180927356,0.033181951
67,Northern,27-Apr-11,0.020081947,0.003572755,24.31939163,116.7373755,-1197.336399,2.707198414,239.362095,285.39493,4.717823743,0.123482262,0.079346718,1.930194602,36.13617293,0.00589235,0.095870727,7.246474921,0.6144641,0.928938041,0.019931406,0.013982568,0.110882266,0.617577294,0.014926453,0.000126956,0.217180963,0.005106768,1.24016253,1.05935106,0.01247762,7.991430484,0.024618219,0.022678543,0.006579446,67.09746533,0.246561613,0.012211725
69,Southern,3-Apr-11,-0.037703559,0.000571938,-54.78825471,14.65395303,-3572.75508,9.131327992,31.0510972,61.260492,0.521318708,0.063203501,0.042123998,0.301828149,12.82379948,0.00218717,0.113591735,14.65606534,0.948067597,0.600009017,0.057516633,-0.016849693,0.034925112,0.383400454,0.008796317,0.00732696,0.189046986,-0.000594171,0.16398425,0.476272047,0.011778992,6.703731022,0.009617827,0.00402533,0.001639169,29.02886523,0.035525189,0.032116801
70,Southern,9-Apr-11,0.000220297,0.003758449,2.61123372,106.0514213,-2257.412176,4.291010678,349.0313938,355.4411097,2.903919756,0.169391831,0.116450073,0.394770075,36.85458443,0.010339537,0.466473025,7.96517121,0.503903564,0.361190802,0.03825502,-0.122664641,0.102764508,0.952710593,0.016201664,0.005114732,0.110301377,0.00751289,1.235115428,2.180203158,0.009459635,6.631491774,0.0147682,0.01231541,0.00274664,129.9873153,0.283433712,0.020234116
71,Southern,15-Apr-11,-0.018437049,0.00112902,27.24830873,114.7300585,1970.182692,7.739750276,327.9665016,282.3101635,4.506691313,0.545180534,0.351260214,1.465303742,55.55706291,0.011117274,0.469406909,11.44652578,2.69074268,2.000386689,0.26471453,0.05025325,0.048714558,0.511575914,0.021288194,0.006727149,0.097636788,0.001748523,0.230904173,0.65872303,0.01479388,8.155599727,0.008368026,0.008365073,0.003363943,137.2013842,0.437807365,0.018978436
72,Southern,21-Apr-11,0.008311942,0.001121593,49.30610065,106.7436064,-260.103017,1.543770482,388.0329128,386.5414443,2.650588285,0.198117195,0.110407349,0.391895557,30.635963,0.004915495,0.250573166,10.00424752,0.777536175,0.763306511,0.030492964,0.018393828,0.077419307,0.768354126,0.067289152,0.004866141,0.095190356,0.004703022,0.538727106,0.853889701,0.009779225,6.960129093,0.012996566,0.012541866,0.005068144,100.0159758,0.246130839,0.018678556
73,Southern,27-Apr-11,-0.011603003,-0.00056451,16.92812504,26.86501547,-1353.744545,1.965908766,169.9281187,135.5204143,-0.04569243,0.08297537,0.059276242,0.125719717,6.130306941,0.002673516,0.240398299,2.618369023,0.381421275,0.238362537,0.00249505,0.015393822,-0.003532113,0.599582028,0.007709053,0.002202345,0.034213443,-0.000903202,0.296183454,0.236037553,0.010484796,6.824033647,7.93E-05,0.00264149,-0.000292374,28.50215749,0.180685268,0.004494461
75,Middle,3-Apr-11,-0.06089621,-0.001752953,-119.9155516,12.04045824,-6770.590549,1.142020195,-113.3338294,-133.7907927,-0.507623526,-0.099238709,-0.008882014,0.218453862,-17.05936863,0.000616778,-0.327920753,18.39755631,0.194850842,-0.543927049,-0.009085694,-0.083428872,-0.039496269,-0.071303005,0.016153004,0.000681153,0.177778087,-0.003467608,-0.043292274,0.255930641,0.014533334,6.83027033,-0.006575127,0.001488535,-0.002011139,-8.430609937,-0.061943606,0.009635279
76,Middle,9-Apr-11,0.012621907,0.007531754,1029.115033,709.1433142,47616.49896,107.6006795,2298.398169,1643.455107,40.28410686,8.36317733,7.72555608,5.439971751,428.9797858,0.188582246,3.179984411,42.81224904,20.56206682,21.36831111,0.292725491,0.033452053,0.919364959,2.125257843,0.124177304,0.156766377,0.291581445,0.01020927,10.05691559,3.065237273,0.011104676,22.93192788,0.02326453,0.017911817,0.014864903,1144.524736,5.773748617,0.189203493
77,Middle,15-Apr-11,0.031906183,0.003201367,96.59584772,138.4803575,-294.950505,0.523439236,496.5259948,541.494583,1.884301068,0.115221838,0.110887673,0.427255023,23.24831505,0.006205595,0.1265915,34.42488394,0.58815552,0.741679665,0.018680257,0.06332408,0.090616848,0.696410991,0.014701743,0.002615142,0.155225377,0.005561854,0.650635083,0.953881905,0.010591322,7.187303547,0.013415898,0.012068442,0.002312528,73.7173942,0.137999504,0.039071943
78,Middle,21-Apr-11,-0.000085453,0.000185694,-7.20017956,86.97751632,-1221.684206,1.168166323,114.8259411,150.6441188,1.506881755,0.068648577,0.124823752,0.694366552,52.57247178,0.006433852,0.113099121,59.86545984,1.188403796,1.233254164,0.028189283,-0.014676071,0.068403267,0.424047667,0.040147626,0.007899402,0.443195658,0.004446041,5.937871224,1.557745767,0.016147877,6.885185217,0.019783544,0.010309801,0.005116572,55.8917484,0.303680079,0.050137045
79,Middle,27-Apr-11,-0.019772722,-0.000185694,42.63078158,33.43346466,2063.83692,0.904441217,238.1010853,225.351864,0.047166632,0.060353432,0.034792612,0.406897988,4.560075413,0.002570488,0.163498279,6.898828654,0.183660879,0.44251669,0.018180087,0.033318202,0.018150697,0.448538931,0.009817827,5.85E-05,0.067301917,0.000430625,0.154044275,0.839641908,0.012577954,6.402838855,0.007216565,0.004143645,0.001589008,69.74993236,0.281222881,0.006849758
83,Northern,3-May-11,0.05459213,0.001380525,122.6047972,139.4343445,2756.792221,2.551873384,320.958339,390.8236095,2.720963454,0.118391078,0.087047765,0.534857457,36.58420051,0.009676297,0.191450399,9.363517377,0.689993014,0.693402122,0.019860052,-0.009600959,0.083450298,0.620937804,0.012125979,-0.000797737,0.018592325,0.003731417,1.366882218,0.336510712,0.005991875,1.156429062,0.014633843,0.014952142,0.004752807,138.1069447,0.113389842,0.002948056
84,Northern,9-May-11,0.019979603,0.000624817,20.94069494,73.75950265,-520.850049,4.058204376,165.3430865,181.5990518,2.322972701,0.30652558,0.126774341,0.538270843,26.08024095,0.010781189,0.855461709,21.82146109,0.923695133,0.963573405,0.03702326,0.047004617,0.052374755,0.457475719,0.040854352,0.003272849,0.038838371,0.003593094,4.892879879,2.241995601,0.008494426,0.330289254,0.00818892,0.014360496,0.003169102,168.1576356,0.242009294,0.044163655
85,Northern,15-May-11,-0.001149909,0.000995262,7.35312896,42.07165827,-1358.591994,1.254870786,85.7229948,117.3492528,1.343656879,-0.015525957,0.006278797,0.136565434,4.829454662,0.000460495,-0.013998195,19.66652275,0.115091181,0.392347974,0.033076758,0.181489216,-0.01269447,0.121864272,0.012408899,0.001525825,0.025640606,-0.000204633,-0.14934295,-1.243417955,0.012443954,1.504239061,0.009951767,0.004781514,0.001244015,36.67457106,0.096990823,0.006547756
86,Northern,21-May-11,0.025370352,0.000802631,-36.21379159,64.18526569,-2608.200682,1.401629973,68.1921311,136.9993632,2.242285565,0.048754622,0.060985213,0.59583641,30.10922312,0.005056579,0.107728771,31.50991056,1.027361545,1.547917992,0.076253447,0.022584542,0.036921613,0.398055932,0.027909547,0.009926243,0.055036876,0.003384889,1.478586537,0.433143929,0.011795449,-0.268232318,0.007549598,0.014726856,0.003188171,134.824709,0.137253592,0.023446777
87,Northern,27-May-11,0.00317322,-0.000130891,10.74461496,69.83380607,-545.852467,2.041393067,121.6001812,141.9658935,0.71488028,0.026057551,0.068117234,0.204886578,21.22286003,0.002636674,0.152054797,31.99725249,0.181025151,0.648187884,0.030088909,-0.038579897,0.024645821,0.332101223,0.015217248,0.002444802,0.022449577,0.002209224,1.354695886,0.112157475,0.011279611,1.601695928,0.035775702,0.006853355,0.00128822,53.0384461,0.135928261,0.008322236
89,Southern,3-May-11,0.00611751,0.001758378,-10.97750733,52.91439723,-1491.009065,2.239057823,60.6664376,129.2468385,1.702661539,0.060284275,0.214762438,0.47740717,14.9870668,0.018736262,0.080210135,10.4224951,0.267113683,0.926329817,0.016753408,0.001622011,-0.012597909,0.288135972,0.013419771,0.003655917,0.009918119,3.19E-05,0.757911515,-0.50259789,0.009989194,-0.076420295,0.004119331,0.006674134,0.002222222,61.41142774,0.122308539,0.010448335
90,Southern,9-May-11,-0.01955509,0.003254975,-30.14296307,35.12161862,-1883.985106,0.908481318,26.2782412,132.2730535,0.008086413,0.254732343,0.010154283,0.303646237,7.421540277,0.009512336,0.328260063,14.66897751,0.164081125,0.229516241,0.013311097,0.110798738,0.002257874,0.321170894,0.027764567,0.006571493,0.011866835,-0.001138193,-0.413373843,-1.751484127,0.009907203,3.217321725,0.001930662,0.003945508,0.002435818,84.87872604,0.26217771,0.007800632
91,Southern,15-May-11,-0.003702252,0.000995262,-65.61739451,34.40304355,-2868.873805,1.028736393,-82.7715949,-93.4194052,0.34673395,0.015635082,0.026385013,0.023296491,7.714815627,0.000515148,0.025612397,7.806628536,-0.121223934,0.319102978,0.017057304,0.105910228,-0.021937571,-0.005617435,0.00389726,0.000490766,0.007059401,-0.000783031,-0.925771174,-2.244040003,0.013788327,16.58555005,0.004245127,0.008185998,0.001212564,92.34394292,0.029968067,-0.01019826
92,Southern,21-May-11,-0.000292304,-0.000508744,-34.59209591,64.45343872,-2463.008078,0.431849167,292.5727432,359.6493338,1.156440483,0.316063309,0.098318759,0.273846552,22.43505256,0.004547339,0.354999959,16.69674014,0.544295842,0.80761452,0.037295384,0.085854225,0.018425131,0.689550133,0.020461898,0.004162805,0.024376055,0.002201068,1.674887855,1.841541279,0.010781072,0.048214167,0.01076414,0.007831694,0.001683342,143.9490495,0.206428061,-0.000909484
93,Southern,27-May-11,-0.013293866,0.00174356,-33.95257809,19.35990945,-3761.34355,0.247531695,-11.3863351,14.6997609,-0.704022146,0.003939765,-0.004562069,0.116528236,1.629957889,0.000443877,0.215997405,25.95621703,4.08844483,4.83403533,0.004003597,-0.016568491,-0.022119679,0.204530059,0.00609983,0.000601043,0.008679934,-0.001750812,-0.695368432,-1.001816402,0.03576528,-0.018048918,-0.001409937,0.004570263,0.000359914,31.3592109,0.167677729,-0.010676627
95,Middle,3-May-11,0.002435538,-0.00087178,-86.90504884,55.0705999,-2913.128941,0.953216054,-60.2893003,-42.583791,0.972910809,0.055971256,0.042050354,0.304416318,23.61110208,0.002547307,0.084672359,31.77549654,0.206097029,0.39318699,0.010610569,0.074207958,0.026605321,0.294993519,0.026203405,0.003841647,0.014776432,0.003748847,1.139668471,0.57189177,0.015003742,0.231417752,0.007339109,0.009163798,0.001996368,68.1216236,0.201111146,0.002344915
96,Middle,9-May-11,-0.0124035,0.003981047,-35.42527654,83.12267762,-1611.248083,1.477714068,72.0382289,98.8493964,1.252064858,0.010180741,0.057060492,0.278187984,14.14339514,0.001854904,0.054406637,92.92648508,0.413509084,1.51098495,0.0401672,0.095185473,0.01846405,0.191579906,0.018846354,0.001436829,0.02554365,9.55E-05,1.023064493,0.019710264,0.015844647,3.523542876,0.009447405,0.008580609,0.001917369,63.26617318,0.22843245,0.017029982
97,Middle,15-May-11,-0.032836866,0.000624817,-81.92143988,31.69234846,-3411.194904,2.114925026,-88.0886282,-66.2261058,-0.822923969,-0.015975154,-0.020961063,0.642333663,2.319012446,0.000949055,0.143197236,68.9410933,0.483856919,0.326242785,0.009433663,-0.000164823,-0.022343276,-0.042905294,0.011995465,0.002458345,0.017739603,-0.001913762,0.499898926,-0.158238836,0.03181696,-0.562466206,0.001593461,0.004368189,-0.001145658,37.46148363,0.460922751,-0.007872956
98,Middle,21-May-11,-0.006024106,0.000609999,-48.16028714,98.82603518,-2240.370742,1.683911335,156.3253939,216.2733086,2.049689358,0.048149463,0.113320241,0.384812223,39.39789525,0.002793249,0.239244919,100.2879391,0.528522133,0.638408446,0.0295861,-0.100070237,0.006755143,0.274834203,0.061403379,0.004033181,0.040213187,0.002012693,1.605803862,0.12388553,0.018829225,-0.566726674,0.012408129,0.013791342,0.002381955,88.22947512,0.302522337,0.018594399
99,Middle,27-May-11,0.001742317,0.003618011,-42.28858316,89.9246487,-1534.921232,7.361718323,66.1690305,100.0592364,1.459177536,0.049407217,0.092967309,0.311753863,15.86862617,0.00582727,0.419119337,88.76027427,0.148974283,0.327645685,0.016533775,0.099058821,0.013104703,0.282438883,0.019004343,-0.000975728,0.044615194,0.003049236,0.58104534,-0.609298705,0.01771268,0.076382594,0.00577065,0.014447947,0.003994387,44.40193954,0.424713935,0.004877517
103,Northern,2-Jun-11,0.08063142,-0.001323981,59.52069256,155.7633384,1192.514221,3.563333559,531.5551425,512.2124984,7.721209988,0.169546671,0.244766481,1.10188731,76.96174679,0.013632484,0.1682626,18.66537132,1.928194737,1.620667534,0.092404678,0.012726813,0.182528543,1.263525595,0.075281647,0.010544157,0.145762528,0.008245902,3.10255962,2.378365329,0.014061967,0.361585964,0.006429808,0.020716516,0.004714619,204.8841711,0.201074098,0.070675494
104,Northern,8-Jun-11,0.066107045,0.000654172,103.1253964,154.0559313,2678.085299,2.688787815,458.544622,446.177962,6.760739252,0.130221918,0.111796362,0.602541688,51.32124512,0.009803656,0.127740082,13.18175924,1.537610831,1.184145568,0.055672813,0.124208812,0.130902408,0.676654485,0.018486651,0.016857737,0.096423596,0.004776592,3.790975647,3.39031381,0.019197513,0.22868922,0.009729862,0.041308768,0.006273862,106.3813559,0.164207922,0.03376784
105,Northern,14-Jun-11,0.064333746,0.001037292,93.02079006,149.4340476,3638.080531,2.02308289,479.018861,476.7657857,3.631289287,0.075670765,0.107899124,0.972420697,44.73895277,0.008873739,0.111888848,21.88587484,1.671853435,1.467303122,0.051289598,0.041359091,0.115929321,0.589194015,0.025986601,0.007409381,0.179645136,0.004933761,1.818385242,0.469511027,0.023147698,0.050180991,0.012942853,0.019504791,0.00502276,446.2844683,0.096736835,0.026919401
106,Northern,20-Jun-11,0.01251472,-0.001120692,-0.29379527,74.21958441,-491.546189,1.017719792,315.6340689,316.7388765,2.871786245,0.019177892,0.077627883,0.402376275,28.58064878,0.003880758,0.100586982,31.64849887,-0.567575725,-0.57047838,0.020801571,-0.035567272,0.035221015,0.384815118,0.001988555,-0.037613399,0.053218935,-0.001810413,-1.118130787,-0.571333063,0.021458413,-10.20513272,0.002123083,0.008746767,0.005689344,29.86903306,0.137260617,-0.104440772
107,Northern,26-Jun-11,0.008966213,-0.001323981,40.65176722,104.5027457,1668.396754,3.798650736,368.4405461,340.4158704,1.699703328,0.075099893,0.084257956,0.383278821,26.75463861,0.003455579,0.095694905,61.83682895,0.951353134,0.79303832,0.070933657,0.088485591,0.068677534,0.543635632,0.054381676,0.008850556,0.177511269,0.003031946,1.488998698,0.498477646,0.025090444,0.471734212,0.011912665,0.010276325,0.002795639,125.1219966,0.204386509,0.033485936
109,Southern,2-Jun-11,0.038175997,-0.000737572,-31.91122655,48.23012214,-164.752237,0.704871513,131.5743043,108.1625177,2.005679365,0.100411444,0.075791525,0.202093409,23.64834257,0.002050898,0.135716541,7.662633369,0.712593029,0.228605618,0.036129734,0.013442823,0.020956646,0.354528155,0.014586377,0.00219356,0.061505408,0.00967537,0.632225818,-0.02701935,0.018894779,-0.026645481,0.00438287,0.007501097,0.003166298,92.31151574,-0.037889522,0.00450711
110,Southern,8-Jun-11,-0.008115632,-0.001128511,-72.73991117,35.3535549,-2463.140418,1.156827884,60.3003355,56.8029442,0.460262235,0.079709589,0.042169613,0.341047538,19.06342933,0.001174638,0.067607829,14.23479674,0.644232574,0.321365548,0.04106459,-0.048309002,0.015988727,0.678340479,0.018641323,0.002936162,0.121053458,0.00164899,0.157271658,-0.601819883,0.022128554,1.130803066,0.003133488,0.006810068,0.002849103,83.35495503,0.088683491,0.02992351
111,Southern,14-Jun-11,0.01542927,-0.000917404,-16.11744831,80.64999375,-1004.924378,2.853498722,361.0428358,355.3576101,1.697672162,0.476166856,0.191634804,0.488029348,29.88125159,0.006713062,0.506557836,20.55221035,1.84448793,1.802467242,0.037246107,-0.012475938,-0.023746514,0.592984793,0.060441485,0.011295564,0.054022389,0.00124297,0.686085549,0.286596329,0.023342112,-1.243317907,0.007334768,0.014516453,0.004672652,204.8388085,0.001235115,0.013164861
112,Southern,20-Jun-11,-0.008808148,-0.000917404,-15.96127253,38.36726357,-838.674148,-0.079587903,-26.2876647,-0.1789338,-0.182104342,0.036670388,0.010023433,0.046495584,2.972697224,0.000549636,0.049979027,4.364900637,2.67747335,2.337918477,0.023885155,-0.137273289,0.004441651,0.069987842,-0.000920965,0.004048596,0.023841687,-0.001368794,-0.175873877,-0.288766931,0.025604134,-0.265094743,0.004933237,0.0032149,0.000968641,68.01047199,0.09157726,0.002275125
113,Southern,26-Jun-11,-0.029701377,-0.000526465,-76.98108671,9.12677381,-2758.418188,0.959986399,-100.3259884,-137.9430585,-0.071915054,0.044891699,0.0200733,0.013237647,8.20275254,0.000599962,0.05636622,6.896883983,0.042437085,-0.130978231,0.014871889,0.105222333,0.009296045,0.057324386,0.005129261,0.01731269,0.02789233,-0.000412849,-0.152493531,-0.566674204,0.023255237,-0.537053081,0.005122291,0.037036917,-0.000216494,100.000865,0.041274155,0.00262
115,Middle,2-Jun-11,-0.037662763,-0.002090221,-121.9553148,18.12355649,-5207.481822,0.372829065,-114.4444481,-101.6201285,0.105355702,0.049249984,-0.001570755,0.155918723,15.42483319,0.001352628,0.047568766,45.21593285,0.150392169,0.097081216,-0.000805958,0.119733747,0.002907852,2.035104622,0.010881435,0.001603588,0.023256423,-0.00097436,-0.531373926,-1.172861534,0.024863281,-0.638164605,-0.00642197,0.007486347,0.00030105,61.32637672,0.156257402,-0.000667661
116,Middle,8-Jun-11,-0.003785499,-0.002496798,-21.93572995,109.3716799,-545.156844,1.451712899,239.077451,224.1122871,1.030148563,0.074902167,0.04926534,0.648000649,26.09740447,0.005323923,0.06750238,91.53695896,2.528514895,1.615834427,0.049688902,0.019545184,0.069869137,0.807510338,0.027733389,0.007655937,0.100232579,0.002936233,0.815529679,0.234598008,0.027760846,0.093935766,0.007991886,0.019082496,0.003008491,244.9938518,0.516630787,0.022360243
117,Middle,14-Jun-11,0.005620751,0.000271051,-44.39929397,60.98658498,-1034.513291,0.80091383,41.7133456,5.3965323,0.927636494,0.039508113,0.149953708,0.255335206,23.89600701,0.003433746,0.095017019,62.5203054,1.707481942,1.606192259,0.026095463,0.138150673,0.030686112,0.149654201,0.045207408,0.011427648,0.097393169,0.001881722,0.613803896,0.399771885,0.025726717,0.616858015,0.006934731,0.008630787,0.001258385,51.71213559,0.15468566,0.024119398
118,Middle,20-Jun-11,0.05810365,0.00066199,-26.1719636,77.9745364,-1044.58231,6.302215218,83.1468807,87.0269583,5.273819705,0.241034571,0.22527172,0.540439032,42.85635131,0.01097521,0.148731952,71.17085544,12.1106772,45.07481666,1.268847219,0.211293572,3.281662448,12.46923206,0.307765204,0.13822464,0.16021811,0.030176558,14.82200951,11.33231529,0.03866065,60.61731492,0.024143718,0.015147875,0.007021649,116.9695772,5.989625532,0.197696907
119,Middle,26-Jun-11,0.012820879,-0.000127707,-8.38844598,102.8112385,-61.040132,2.024909394,395.4495175,382.0168175,-0.2015741,0.021962688,0.080779753,0.40951897,31.07205635,0.005505614,0.173410768,148.7825727,1.465567252,1.214088848,0.047489815,0.150721536,0.046601859,0.612620572,0.067100552,0.008260584,0.122902394,0.001860228,1.659913673,0.792530666,0.031615104,0.259327331,0.011330292,0.008201622,0.001339157,196.0488354,0.838896761,0.022287753
123,Northern,2-Jul-11,0.127101485,0.003977576,184.4365946,161.0537504,4518.287805,2.22218797,657.1257259,744.4536547,6.970056978,0.236654753,0.219675113,0.647044569,46.70871401,0.005503456,0.71502505,15.28140629,4.488891655,2.283053618,0.054405131,-0.017581313,0.128712493,1.294573456,0.04726261,0.009214267,0.199250675,0.008343127,6.474685086,14.60677374,0.004723116,8.501517708,0.096503409,0.013528779,0.009725775,178.915743,0.159340214,0.055490087
124,Northern,8-Jul-11,0.047310347,0.003595851,106.2206216,101.1072492,3425.669592,2.394177892,504.9782646,472.7982137,5.40002784,0.168122185,0.230497378,0.385411508,39.11271384,0.006917892,0.062376202,11.68426512,0.82389911,1.250343186,0.057170622,-0.011527691,0.086249085,0.535759256,0.025102321,-0.017206233,0.138882078,0.026090789,1.460743873,1.372949544,0.006480315,5.729194332,0.027776437,0.006923985,0.003035583,88.69281897,0.198991834,0.008538786
125,Northern,14-Jul-11,0.069847294,0.009382805,157.6879436,136.5040578,3447.086052,1.873735486,363.980631,446.5025086,1.108727343,0.154333427,0.196758561,0.457296425,39.80660285,0.004745449,0.042817803,8.090790493,-0.558059085,0.629761996,0.056250628,-0.047908286,0.084968664,0.649756968,0.056880679,0.021373744,0.109199237,0.006510766,2.721655243,1.577483123,0.007260249,4.067666294,0.030198518,0.010682962,0.005797846,142.8529101,0.139447363,0.054863499
126,Northern,20-Jul-11,0.155156026,0.004344033,126.9846933,131.1919835,3723.00927,2.77989987,554.9007374,517.6826755,3.196218158,0.222325779,0.369798005,0.320068981,44.19723057,0.008460418,0.109193939,13.16548647,0.167682202,0.430903831,0.05575115,-0.073698437,0.051613039,0.493480622,0.051008308,0.010080804,0.131537582,0.004294169,2.58535996,1.491789693,0.008169556,-0.504117842,0.023927061,0.020628208,0.017506913,178.2439663,0.315838593,0.001762475
127,Northern,26-Jul-11,0.125739222,0.002061316,21.89753145,60.35754134,1033.621766,2.246535669,112.2156313,109.4754439,-0.28380085,0.034506008,0.029251354,0.412133046,25.67585967,0.007369565,0.152789903,10.97502651,-0.512747698,-0.680367615,0.043747156,0.058774923,0.15076592,0.328863461,0.031382903,0.01606779,0.089054356,0.00638959,0.840949028,2.083316322,0.009059243,-0.109440327,0.010462048,0.011077713,0.001764714,74.63401405,-0.073813243,-0.007271233
129,Southern,2-Jul-11,0.017516256,0.001679591,54.30814879,71.97388583,1774.335167,0.228683453,334.1541975,270.0834455,-1.161873057,0.152740366,0.203007641,0.143760303,15.00663775,0.002433736,0.184352849,14.12595008,-1.087702791,0.257294472,0.053920344,0.023109715,0.012831317,0.593139474,0.016190252,0.009323537,0.071271769,0.00171097,1.929095649,3.904552233,0.008076577,-4.413155823,0.026594015,0.006895973,0.003085915,114.429152,0.316792079,-0.014055418
130,Southern,8-Jul-11,0.054569794,0.005527381,71.84681691,103.7012904,1404.185719,-1.075200109,214.7762889,238.82974,-0.545032896,0.081102204,0.114998139,0.329529606,26.34679773,0.001266859,0.048350334,8.821133657,-0.354336176,0.218662021,0.035083419,-0.04184108,0.033521885,0.487603117,0.02677341,0.007244863,0.018706481,0.005232837,-0.656060833,-0.239916706,0.008281867,-3.030188368,0.01261529,0.01441448,0.00161359,40.731395,0.241470391,-0.02992772
131,Southern,14-Jul-11,0.058593221,0.002809497,82.57829585,115.4711672,2600.832581,1.658139203,317.7218776,365.796483,-0.087032129,0.691159577,0.18140511,0.189997482,32.84774753,0.00243693,0.495787838,5.76736242,-1.23218922,-0.925387127,0.057547067,-0.029462169,0.045170091,0.57534652,0.023905034,0.004912073,0.047751622,0.006522576,0.526951617,1.016449108,0.010216486,2.022253984,0.024216872,0.013698326,0.007672044,165.1133075,0.443743558,-0.012616647
132,Southern,20-Jul-11,0.029701737,0.000885602,53.69873361,63.06581119,1568.479584,-0.632243372,334.6405167,322.6316489,-1.795721428,0.035523807,0.037417386,0.03750593,9.013777937,-0.003503506,-0.023885729,4.738135769,-1.094658662,-1.100943834,0.027929134,0.065702404,0.018281617,0.659497648,0.00845211,-0.00374822,0.038904285,0.000970486,0.598288816,1.643352013,0.007993265,-3.257303069,0.015862339,0.032264137,0.012776795,131.1319646,0.130191842,-0.015558441
133,Southern,26-Jul-11,0.015002551,0.000313015,36.25249262,44.04987841,1479.126806,-0.575083785,205.9807274,238.9065369,-2.889304455,0.009516238,0.08987295,-0.043510686,-3.056224834,-0.004671981,-0.092743438,6.926491859,-1.212954244,-0.981818905,0.064969454,0.070913862,-0.002462272,0.212885441,0.013569738,0.007394792,0.204405644,0.001031802,-1.13465606,-0.688387676,0.008598046,-0.317327076,0.012970064,0.00434152,0.000917122,34.95067982,0.301372419,0.000954408
135,Middle,2-Jul-11,0.014156393,0.001679591,28.1527066,66.50792161,553.388912,-0.211183779,169.6723288,184.9844302,-2.791791277,-0.009186664,0.056449981,-0.041886163,-0.445808532,-0.002920866,-0.095931998,110.220364,-0.321748292,0.078684908,0.023916785,-0.183759358,-0.022720235,-0.002570831,0.0217322,0.002815612,0.074996503,0.000588515,0.791096989,0.571388861,0.010709235,-1.683184507,0.017313128,0.0044403,0.002112494,97.06044713,0.584602527,-0.014465447
136,Middle,8-Jul-11,0.588974112,0.009054521,388.3027455,246.7255426,9441.089019,11.04394045,751.6652667,714.3079346,8.079054226,0.793384287,0.446030793,0.953761525,55.61427731,0.013454704,0.444880013,64.79169617,0.946436495,1.28769223,0.073212674,-0.09630557,0.089799173,0.488805162,0.026200486,0.003341633,0.019859417,-0.000900865,-1.425220491,-3.065067619,0.012119253,405.6001677,0.14060008,0.026405537,0.067077296,239.5229188,0.738244171,-0.021591652
137,Middle,14-Jul-11,0.001519897,-0.000076345,12.11493461,71.26186313,372.24306,-3.296283074,197.3461267,254.1867313,-2.394493544,0.032324264,0.130829102,0.235927413,14.48841669,0.010374122,-0.076980944,120.8349676,-0.1905442,-0.07850701,0.049331391,0.072317469,0.005709208,0.211432655,0.069626131,0.004995932,0.211188544,0.002511475,0.154352626,0.034394316,0.011163032,-4.892905182,0.01701764,0.004736639,0.001986536,162.86276,0.531125357,-0.009071532
138,Middle,20-Jul-11,0.028163216,-0.000259573,25.70168633,125.0185678,1227.789339,2.040681472,255.345852,268.1095924,-1.705652523,-0.012747098,0.9957634,0.264286668,54.12510639,-0.000674636,-0.028526223,149.9609455,-1.087445307,-0.87283416,0.071128456,0.140012089,0.041936138,0.224335108,0.083045221,0.002757165,0.127376341,0.003816422,0.666318197,0.29438993,0.019348187,-5.499283545,0.016896071,0.016365749,0.003287759,157.6280224,0.493689849,0.007374382
139,Middle,26-Jul-11,-0.008452555,0.000122152,33.1747661,74.35108652,820.848481,0.715449511,186.6534047,221.771663,-3.479648773,-0.061038135,0.040666194,0.037769824,-3.524075046,-0.002843245,-0.022248746,116.729631,-0.110100611,0.151051262,0.029383496,0.065706931,-0.009726565,0.360705892,0.028651203,0.001260418,0.080368413,0.00176274,-0.696526811,-0.719458162,0.021696222,-5.141125775,0.017360589,0.004035782,0.001128955,75.31167519,0.82319756,0.009815228
143,Northern,1-Aug-11,0.077686312,0.000255185,102.4079898,119.5826944,1412.779265,0.004043072,475.7531982,499.7461476,8.511513125,0.119054632,0.007504929,0.535871205,47.36935761,0.014039789,0.370055529,10.43760433,2.622008986,0.36281701,0.044564356,0.173689416,0.101449302,0.713152586,0.037221499,0.007928876,0.174280335,0.003703195,2.902667175,0.602441628,0.005076013,9.102289303,0.011431139,0.016816957,0.005361503,167.495001,0.193371672,0.02206945
144,Northern,7-Aug-11,0.020570896,0.002293981,27.1029117,48.39966016,680.0857272,2.833483225,293.8770045,282.8937074,1.672612838,0.198515383,0.06441695,0.241142906,30.44201063,0.002795052,-0.108080192,22.11092297,0.13563867,0.771761062,0.107042149,0.095536547,0.053166755,0.415005916,0.049320501,0.003628392,0.211108861,0.004552858,1.428640811,5.1088169,0.012296569,10.17555001,0.007953391,0.005289738,0.002621033,124.4850859,0.080773841,0.012930308
145,Northern,13-Aug-11,-0.000017465,-0.000147739,24.49787562,30.30389036,1264.030216,0.445605833,200.571533,182.4253339,-0.037871279,0.015526723,0.064504242,0.097939882,17.22705862,0.001515495,-0.137060929,8.588336012,0.159579235,0.440595734,0.053404197,0.119895658,0.035849979,0.166214635,0.031397346,0.002104684,0.100013836,0.001424989,1.916368528,1.869799416,0.010036984,0.371936579,0.005149523,0.007495383,0.000500518,94.47607106,0.078885066,0.011567248
146,Northern,19-Aug-11,0.017846398,0.001472016,102.7771589,75.75126025,2834.173679,2.331130177,368.6696295,363.2413288,1.533820063,0.056179679,0.046524144,0.270640774,30.62388128,0.003166772,0.00322163,8.184440145,0.184883218,0.715307495,0.062487956,0.239185949,0.059806272,0.513849869,0.020202526,0.010432305,0.12687143,0.005408563,0.387335139,1.801538532,0.009713058,1.206388794,0.009396345,0.005862197,0.001907533,83.50143563,0.104508604,0.014155925
147,Northern,25-Aug-11,0.035008051,0.000658109,57.90357902,125.9543495,1386.713442,2.297298155,375.5629033,380.0964965,3.271788615,0.092876067,0.148915574,0.497348514,58.92441578,0.01561037,0.021831536,20.39425604,1.062188807,0.866500804,0.049821655,0.055443705,0.110609719,0.785217376,0.059661734,0.007996537,0.235073996,0.005526186,1.023658212,-0.353082021,0.013570779,2.17468689,0.01192705,0.02200642,0.008276591,147.9930563,0.255563493,0.019705611
149,Southern,1-Aug-11,0.01157443,0.000658109,54.68531474,71.9733767,1556.006058,2.837729252,399.6760823,355.6280543,-0.036105848,0.171342,0.077785264,0.30043726,24.03671526,0.003998634,0.254610948,9.347585834,1.108935457,0.814489978,0.059025195,0.125257262,0.052028478,0.450378753,0.024392933,0.01065423,0.06340929,0.002318362,-0.175321168,-2.035299991,0.011035621,0.760338832,0.007515333,0.007793428,0.002982177,115.2003417,0.177746679,0.006796725
150,Southern,7-Aug-11,0.036335796,0.001061033,69.9727434,79.2339988,2312.110176,3.111942474,379.3222124,403.726545,-1.176401362,0.059420473,-0.001410254,0.164474899,15.33389718,0.001425355,-0.125881981,12.67930858,-0.811753167,-0.194261696,0.071706741,0.131273356,0.057161048,0.599330649,0.016360377,0.00448903,0.106311311,0.006519592,-0.102521587,-0.51750716,0.012078187,-1.241285117,0.013819665,0.009309064,0.001104314,162.0862794,0.325712823,0.009403792
151,Southern,13-Aug-11,0.018595251,0.001899116,68.24886846,47.2616316,1559.34176,-0.239959269,313.6942615,263.0137623,-2.572303045,0.07376112,-0.002773782,-0.089943924,2.835851956,-0.00065516,0.149077408,7.155615867,-0.617287182,0.011461133,0.046881575,0.166693756,0.015396275,0.391294311,0.007967308,0.002456517,0.046346044,0.001317493,-0.951135838,0.182266287,0.012045319,0.485808551,0.004239414,0.002750306,-0.000451241,67.42146863,0.177612543,0.003236084
152,Southern,19-Aug-11,-0.002251246,0.001705712,40.95452627,70.87998675,1404.760347,1.688337787,299.7622427,309.9518639,-4.316171493,0.05299007,0.060990289,0.435980243,24.32729929,0.000945038,-0.117851902,13.47833841,2.328223999,2.416603881,0.077602146,-0.057063312,-0.011237937,0.077863127,0.020732099,0.010892394,0.094948676,0.003813356,0.172400061,0.264388666,0.013489236,-0.864075604,0.008455103,0.003723467,0.000804117,71.82522941,0.335504727,0.010759648
153,Southern,25-Aug-11,0.101879648,0.009433796,92.07869504,333.9062976,1408.35607,0.569205272,371.6369967,384.6687045,6.127451543,0.345657583,0.221752844,1.676626612,126.7672641,0.037571881,0.0916779,20.00923713,-0.058340818,-0.015926657,0.072305646,0.11119226,0.304825272,1.393925855,0.017867386,0.008042546,0.029706013,0.018126325,1.283580254,-1.007573035,0.013712347,-5.03378045,0.006748138,0.053331435,0.009947944,36.7915592,0.539191552,-0.0047
155,Middle,1-Aug-11,0.000695607,0.000674226,-9.64672423,58.43337608,79.4699244,1.470380415,263.1343311,255.2899571,-2.139636471,0.471111108,0.232601816,0.734856376,72.45410856,0.007714973,0.943795173,173.8897708,0.82076154,1.087554507,0.059299603,0.064541529,0.049196983,0.191707636,0.085903293,0.001173679,0.140595093,0.002419461,-0.612240598,-2.166218584,0.039428527,-6.049174714,0.007761858,0.003343416,-0.000726634,63.10759568,0.953627265,0.009721144
156,Middle,7-Aug-11,-0.03652088,-0.000550663,-0.06054965,64.75152101,113.5392868,2.080742773,258.3464635,273.7677869,-5.390342793,-0.45579807,0.010969183,0.073773164,4.592101259,-0.003496712,-0.210817834,150.5758284,-1.098091477,-0.28583684,0.053225615,0.124269028,0.001872894,0.116072381,0.032042573,-0.000617963,0.067076036,0.001304878,-0.072834019,-2.276548304,0.02068321,-9.127334026,0.00920236,0.005718834,0.002218361,127.864274,0.532597153,0.0031976
157,Middle,13-Aug-11,0.114359263,0.001635872,363.9148139,242.4003894,9788.394505,2.11267877,1247.029457,1271.490082,2.709554283,0.084512031,0.266574913,0.394635668,23.16214083,0.005864244,0.152515774,104.3758589,1.769279679,1.289061288,0.071374258,-0.008612376,0.162993389,1.299534939,0.027533079,0.003759202,0.340098464,0.010315181,2.418630643,2.340873976,0.017614882,1.258017139,0.02768863,0.00930132,0.00633901,132.9274598,0.461502832,0.036924347
158,Middle,19-Aug-11,0.021897363,-0.000558721,1.3074021,73.48984186,520.1042384,0.008048758,170.4910243,221.3939329,-2.370476693,-0.07779254,0.005288239,0.173744523,23.2361509,0.003943263,-0.187405671,91.90313731,-0.778213482,-0.677577232,0.055466609,0.118361294,0.011224314,0.127780562,0.051858288,-0.003835884,0.161779759,0.002611177,-0.072729009,-0.768024144,0.022042738,-6.475398692,0.008813247,0.008563656,0.000778746,72.22073586,0.33844121,0.016663085
159,Middle,25-Aug-11,0.036752394,0.004518122,54.19523568,205.920182,1614.012393,-0.901354063,280.0735556,307.4713199,-0.901016927,0.036041019,0.086689615,0.663962195,61.65251434,0.069672844,0.060152059,123.6796553,-0.630970424,-0.512040704,0.055309805,0.137623195,0.160677546,0.699441803,0.023346018,-0.000912962,0.143333618,0.011051662,-0.141035143,-1.31717391,0.062271979,-7.000538705,0.01174524,0.030082801,0.005123953,47.7770406,0.437988003,0.029890651
163,Northern,31-Aug-11,0.010897489,0.000784994,49.7780495,117.9311271,262.514181,2.617797229,358.6087495,315.071873,3.519214456,0.127871607,0.192725771,0.590827128,39.94103904,0.037298405,0.165060895,9.927839009,1.65469341,3.285058147,0.031389422,0.094439125,0.159233987,0.24145082,0.02935964,0.009655768,0.143278626,0.003227131,0.069590658,2.103024211,0.004073226,-0.476039431,0.015484942,0.012403266,0.00239088,75.79406269,0.001000851,0.046457718
164,Northern,6-Sep-11,-0.039288983,-0.001712527,-125.5648635,-53.37656662,-3571.697515,0.054067128,-155.41176,-155.2774053,0.258287852,-0.026928395,-0.086125536,-0.045147809,3.954977094,-0.001955077,-0.052279896,-0.070754179,-0.162579607,-0.446200192,-0.013259831,0.045444847,0.058686372,-0.233513054,-0.002877021,-0.000486888,0.03073913,-0.001802742,-1.389103983,-0.300458825,0.006492739,-0.580675622,-0.007148618,0.000407543,0.001572895,-6.046757064,-0.029313633,-0.006351548
165,Northern,12-Sep-11,-0.042690205,-0.000466865,-121.7763878,28.14550156,-3286.985377,0.384711096,95.6015511,115.5970534,0.863796589,0.029460231,-0.020295184,0.26192613,-93.32586889,0.000642038,-0.00176697,5.082223626,0.731635619,0.541557686,0.015665375,0.158881632,0.083094917,-0.074859726,0.001765104,0.002376185,0.073789864,-0.00028181,-0.466485661,0.718405242,0.012208436,-1.271084632,0.002119811,0.004225809,-0.001969684,26.44609712,-0.108661449,0.002872799
166,Northern,18-Sep-11,-0.034631367,0.001410924,8.85965993,79.2086081,-212.392661,1.638932445,201.7399654,228.4265183,1.065500508,0.075551056,0.029109039,0.237181472,18.64643808,0.003945916,0.013067952,8.982590294,0.899017268,0.586417416,0.042408275,0.026865606,0.101908619,0.016905101,0.007820769,0.012525313,0.169644974,0.000791549,-0.534946307,0.329600163,0.01603509,1.571803178,0.014318325,0.004954482,-0.00024077,64.53295098,0.008155471,0.029877969
167,Northern,24-Sep-11,-0.057093917,-0.000782928,-89.73064023,15.02619185,-3677.283983,2.093726792,170.5330204,235.1691113,0.355420903,0.00662705,0.053315228,0.267985522,16.88139394,0.002911651,0.099973066,8.499284497,0.562305818,0.376711011,0.061563907,0.138312522,0.10199327,0.070027495,0.037902272,0.008920042,0.252634722,-0.000162874,0.13900698,0.798451382,0.009302817,-1.670668263,0.008642215,0.004690312,-0.001592752,39.98082212,0.219304708,0.031876534
169,Southern,31-Aug-11,-0.030768955,0.001417121,-78.01945386,121.6835996,-2836.036981,3.499650065,322.3175575,253.6263624,0.985964783,1.254427458,0.137125553,0.440424644,178.8820889,0.018707342,1.659480783,6.984478049,1.469679457,1.195107487,0.049294343,0.053668211,0.080175392,0.39051958,0.040748272,0.001329772,0.124619899,0.001808308,-0.006788312,0.976865017,0.012724326,-1.967467473,0.006765693,0.006749565,-0.000025655,150.0619538,0.325455654,0.020357142
170,Southern,6-Sep-11,-0.02245214,0.002656586,56.23051875,39.10018372,-1577.156445,-0.352570804,249.3474238,250.5655226,-0.001902328,0.039803467,-0.003791478,0.20130345,1.375484775,0.00014357,0.054778385,2.532784729,-0.048659695,-0.209265681,0.004881209,-0.011501775,0.091907388,0.437356587,0.004876189,0.005987928,0.133862299,-0.000643591,-1.074603797,0.073838887,0.007281321,-1.373835396,-0.000440783,0.00183803,-0.000281225,70.2662579,0.174263265,0.002094361
171,Southern,12-Sep-11,-0.046911975,-0.000156999,-58.22139832,43.08258475,-3216.997099,0.927810213,128.7689952,164.4909348,0.842375551,0.05630599,0.012587741,0.114434408,11.51125821,0.000168038,0.030735342,5.196658461,-0.02702099,-0.143210918,0.015765546,-0.047408564,0.078404433,0.232259221,0.011255007,-0.004368325,0.183882253,0.002027697,-0.514626064,0.577078906,0.009187844,-7.375733001,0.00635515,0.003762214,-0.000753528,26.46642384,0.296055127,0.015480822
172,Southern,18-Sep-11,-0.067543794,-0.000163196,-84.01694856,13.74258075,-3686.784996,0.578563389,33.4352855,2.0378406,1.870629814,0.364674076,0.103995906,0.433931715,16.78779314,0.003958778,0.048409665,4.014136223,1.662465282,1.702877274,0.010755546,0.044856445,0.043995266,-0.088472539,0.002703289,0.007683764,0.052241307,-0.002104353,-0.635811507,-0.010643695,0.010696027,0.254083715,-0.001875315,0.006345136,-0.00182769,27.04621439,-0.114229992,0.010331117
173,Southern,24-Sep-11,-0.163633414,-0.001098992,-65.69673595,57.02167015,-4124.217618,2.09222687,107.8940934,44.1620226,-0.098936928,0.405695739,-0.016053114,0.38259226,16.57748051,0.006276701,0.712205676,8.317339448,5.668953868,5.348904007,0.054287171,0.018767054,0.047183662,0.067878632,0.010906053,-0.013285491,0.059197878,-0.001455621,-0.690114833,-0.082967268,0.017510865,-0.773867852,0.013735827,0.003159398,-0.001783797,48.77963319,0.117437741,0.002159748
175,Middle,31-Aug-11,-0.020398282,0.0007726,4.87160611,61.63085421,-192.115651,3.774835029,130.4304208,164.3558379,0.956086485,0.111623091,0.084755714,0.393768294,34.0652515,0.005034766,0.08868133,10.00563565,-0.118344874,-0.009456742,0.025758358,0.184532396,0.088925441,0.05555757,0.051262238,0.005135695,0.223943544,0.002171874,0.12271389,1.207952116,0.010514341,7.901548296,0.015799901,0.004616614,0.001601112,83.27897985,0.070455316,0.037237557
176,Middle,6-Sep-11,-0.052420009,0.000630061,-74.74960392,19.08706101,-4153.618386,0.669874359,-38.4581841,-8.9503937,0.073184046,0.00413516,-0.024598146,0.122463226,11.57145919,0.001819978,0.090383584,1.861509556,-0.205563436,-0.373023984,-0.001097592,0.133765779,0.052781246,-0.089239012,0.006901349,0.004503532,0.021015531,-0.001019266,-0.973688198,0.085811861,0.009436882,-1.676603389,0.005456196,0.002371171,-0.00126487,59.4207266,0.318712471,0.002022189
177,Middle,12-Sep-11,0.00631953,0.002501653,42.40891609,130.2966808,-879.11867,0.910561102,365.093831,395.21629,2.374003552,0.072115711,0.067272339,0.584872644,42.71127917,0.027775128,0.077916564,5.096951488,0.417689325,0.299135631,0.038229697,0.137538684,0.16443481,0.286449812,0.040975971,0.001077338,0.215186033,0.003874716,0.207917412,0.971226806,0.009410648,-1.968839305,0.009665954,0.006246137,0.000389912,47.64867979,0.165937146,0.076581839
178,Middle,18-Sep-11,-0.059196656,-0.000169394,-77.92985312,12.55470647,-3037.6041,0.29044477,-4.0898455,-4.0733543,0.144672193,-0.092657951,0.11230414,0.203082393,-0.023905031,0.000484874,0.025645913,1.536909489,-0.088401388,-0.043462314,0.006946171,0.075171632,0.06390516,-0.13683276,0.011456152,0.003858423,0.101672543,-0.001048968,-1.073419899,0.091750192,0.00736649,-2.110796162,0.003598767,0.001986983,0.000706668,3.3997422,-0.027058577,0.007684166
179,Middle,24-Sep-11,-0.053432908,0.00014667,-64.46740933,6.39894742,-4963.396809,1.447336392,33.8021209,40.4725466,0.387341266,-0.007364067,0.038687865,0.10158976,16.26440696,0.001975259,0.006310938,9.630337322,-0.06072995,-0.30098452,0.010280447,0.096639392,0.064695636,-0.138068242,0.018283344,0.000811959,0.208033925,-0.000436185,-0.073679938,1.072639069,0.007531331,-0.73975211,-0.030715447,0.001655862,-0.001378445,13.39665936,0.280970122,0.013392764
183,Northern,30-Sep-11,-0.000639159,0.002623559,33.19289442,90.13300424,776.336675,3.129877717,318.0669735,322.8509535,1.527831299,0.084834913,0.127812542,0.847047135,52.42303911,0.010724306,0.114714811,23.25579693,1.309332647,1.226729619,0.05699791,-0.028442864,0.063049346,0.278795615,0.034702979,0.005361135,0.220957493,0.000373481,1.499443204,1.022315568,0.019031089,-3.672762681,0.010937181,0.003086906,0.002730253,177.9553852,0.139121029,0.05116013
184,Northern,6-Oct-11,0.033428616,0.003623737,70.24033161,147.3405636,-35.375961,3.491245043,430.8349801,403.5055108,8.709239412,0.136243517,0.534831823,1.002576147,58.8457718,0.017243235,0.534486899,22.52126894,3.231981489,2.959470482,0.159520376,0.13995961,0.09728248,0.563556852,0.08684941,0.012317065,0.620218909,0.002807399,1.922672428,2.078227765,0.016803698,-1.598596727,0.047528076,0.005524245,0.003219887,173.1808203,0.526916141,0.118341915
185,Northern,12-Oct-11,-0.017057783,-0.000658069,26.23933169,58.4713832,-791.997687,1.324131652,168.5857949,176.4124217,31.14177708,0.019109253,0.052599575,0.159552318,7.791945649,0.104257683,0.093544262,11.54122851,0.400571921,0.225460522,0.025760201,0.115266657,0.009089089,0.28696281,0.015027621,0.002450419,0.236909074,-0.00067654,3.734306344,3.509726374,0.013931349,-1.694587672,0.00641448,0.001255351,-0.000541498,21.48861016,0.040743097,0.019753467
186,Northern,18-Oct-11,-0.041226798,0.001969848,-93.47084396,62.55855804,-4496.933772,1.477881063,-25.4795378,8.9541347,1.547088471,0.080243688,-0.000847621,0.369794037,25.79567273,0.007368658,0.069325919,23.09157566,0.371575057,0.353993282,0.050931184,0.063024107,0.028091935,0.102812707,0.028050424,0.011193599,0.285436136,3.46E-05,1.512569532,1.344281476,0.012036539,-3.438669585,-0.026287896,0.002802563,-0.001017328,41.0938558,0.171839926,0.035365051
187,Northern,24-Oct-11,-0.016061222,0.003126916,-10.91710954,98.61849816,-2547.529213,3.897655379,207.2704384,252.6404972,3.089759786,0.072273397,0.114738957,0.644218582,52.03777284,0.012301911,0.103042991,43.91547837,2.015500503,2.041631735,0.665407807,0.116089642,0.066881553,0.441896064,0.059677017,0.025197396,1.308732094,0.003668057,2.3213059,2.886132008,0.015550057,0.70165126,-0.017013304,0.00340295,0.013769903,84.86619778,0.596611066,0.082618628
189,Southern,30-Sep-11,-0.007701283,-0.000546938,22.60826364,58.20841172,-792.19908,4.490390693,252.106719,240.8654313,1.952247631,0.144900928,0.114808235,0.867897822,30.05150766,0.010774079,0.244703898,5.228091822,0.787489137,0.669621817,0.046069413,-0.077332258,0.045228677,0.512865354,0.033489621,0.009766741,0.217971103,0.004194313,0.983416411,1.04530441,0.012577684,-3.24186978,0.007266241,0.002360284,0.002365202,195.5146627,0.255526649,0.073123369
190,Southern,6-Oct-11,0.019211574,0.007578687,-72.57072549,138.8056467,-3792.128813,2.895318817,341.709314,346.8911762,4.896922868,0.475880167,0.385221241,1.94357083,84.91133745,0.023809582,0.416815409,14.64575049,13.90905212,13.70176154,0.083491017,0.082330249,0.103049212,0.764760084,0.098171526,0.019969876,0.20920716,0.003317001,1.107841086,0.932138188,0.016198166,-1.915271911,0.019100281,0.007095375,0.009858035,164.3021749,0.321670991,0.073026784
191,Southern,12-Oct-11,-0.023761478,0.001642993,25.20165397,32.87710374,-792.417793,1.713490136,127.2382986,62.1322457,0.817706998,0.263460552,0.069261856,0.311171888,13.36049758,0.094966595,1.511202294,14.90875993,1.243973815,1.491378461,0.028802243,0.112450824,0.01217158,0.213515436,0.022502216,0.000591459,0.095957516,0.000507635,0.852384793,0.697245686,0.013105893,-1.836055058,-0.027746832,0.001005891,5.57E-05,49.80094926,0.223549985,0.014903291
192,Southern,18-Oct-11,0.000875472,0.001976386,-23.08141847,97.24819918,-2593.481722,1.856508929,52.7848189,15.3124861,2.195533094,0.480809389,0.17061,0.546050418,37.1883731,0.013875816,0.408779074,7.827003112,1.229355327,1.324393536,0.070388393,0.042088999,0.04565032,0.243224892,0.026984283,0.004550253,0.17350324,0.001620077,1.275548957,1.345300284,0.013030162,-2.713160882,-0.026100102,0.003185418,0.003773603,58.15854713,0.265875084,0.041626859
193,Southern,24-Oct-11,-0.041712765,0.001309601,-65.09775341,43.41112829,-3016.334891,2.191709437,147.7478955,116.2802074,1.200571505,0.114478202,0.078340845,0.391553582,26.74402774,0.005225725,0.228849904,14.37312302,1.228178111,1.141206747,0.150207647,0.139738561,0.030536407,0.203873549,0.057360469,0.028076853,0.295266567,0.001878025,1.342894049,1.630207663,0.014447872,0.910776141,-0.007465982,0.001952886,0.000611646,93.07576496,0.200283849,0.058564721
195,Middle,30-Sep-11,-0.041550923,0.000649353,-87.09629997,55.74450743,-4560.76342,2.754683109,13.5603184,-27.0484967,1.869005462,0.062095601,0.090604852,0.70304692,39.22176096,0.020282083,0.093933778,16.18044225,0.72499831,0.770416236,0.026305541,0.110985094,0.028105093,0.193030261,0.055253342,0.005574428,0.278663863,-0.001295642,1.482083106,1.460865502,0.012471973,-1.85266734,-0.023533082,0.003169454,0.001433438,50.57037647,0.299482519,0.039049809
196,Middle,6-Oct-11,-0.026174158,2.18E-06,-16.7108872,81.30755613,-2523.814602,3.336034814,154.2667512,161.1479703,1.721718932,0.126288246,0.199259175,1.486769854,69.35051821,0.012499322,0.217721357,26.98297322,1.255919389,1.317108357,0.057994566,0.098381859,0.081993127,0.376739747,0.108471612,0.01332653,0.413168524,0.004411084,1.953234859,1.568577445,0.012676124,-3.138574459,0.017387546,0.003030265,0.002306944,95.50037467,0.405189998,0.096317165
197,Middle,12-Oct-11,-0.055957514,-0.000671143,-79.64319527,31.61429426,-5074.171974,2.285686484,51.1259179,62.2005095,0.30840608,0.03237082,0.090413893,0.127077385,8.227245847,0.00460188,0.268624979,20.12634656,0.32513672,0.360483413,0.032292708,0.010672734,0.016107589,0.069050477,0.041281585,0.006832122,0.103579484,-0.00354046,0.505575631,1.664001879,0.013553948,-2.333651953,-0.031081687,0.000356191,-0.001438218,69.14822777,1.15738919,0.031194774
198,Middle,18-Oct-11,-0.032332076,-4.36E-06,-60.20651865,74.14265266,-3416.651396,1.934807427,20.3358545,23.8594105,2.740762705,0.102661241,0.150551314,0.327877842,29.68596877,0.006319052,0.14002995,18.89049894,0.954256956,0.942833989,0.037566739,0.092937235,0.02400066,0.04043589,0.048372514,0.004096086,0.221733932,0.00245254,1.720254089,1.666852601,0.012582407,-2.376810968,-0.022159208,0.00297226,0.000696254,50.13561622,0.625918548,0.045796791
199,Middle,24-Oct-11,-0.049335618,-0.001651709,-117.5168351,60.76774814,-4425.619459,1.635790775,-39.6213892,-37.2694395,1.019209773,0.051058379,0.154236823,0.856077253,81.79685525,0.007126855,0.137019741,36.3895317,0.930846032,0.776486758,0.073570748,0.064051138,0.02051758,0.2190358,0.146702764,0.008192785,0.430672611,-0.000701981,3.291934863,2.095777165,0.018836983,-1.0140047,-0.023302883,0.001714958,-0.000326392,64.16823511,0.416052287,0.078066156
203,Northern,30-Oct-11,0.023406731,-0.000439853,10.92840857,62.91495644,-921.795063,0.827026155,359.7173026,364.4332067,1.358513323,0.025428906,0.136731382,0.758864547,29.33328214,0.006404117,0.258724355,22.98727585,1.439648825,-2.114858813,0.268110693,0.024639117,0.065684804,0.408775709,0.036325919,0.013355397,0.348364083,0.001354049,2.218040632,1.579901737,0.009314627,-1.810183925,-0.016687623,0.004514791,0.00051308,237.2811761,0.20957652,0.023833386
204,Northern,5-Nov-11,-0.011438434,0.000872334,-29.80686764,50.56509875,-2527.573199,0.653161065,182.5844098,126.7874367,0.383855479,0.016268102,0.012904822,0.354927658,20.08380214,0.002225419,0.047774,17.29224515,0.96639738,-2.217364265,0.021212353,-0.002826236,0.028756785,0.236987772,0.028902509,0.010538508,0.668863601,0.002714675,1.611085457,1.202143434,0.012568256,-0.104200461,-0.016115761,0.002912623,-0.011271004,58.53442157,0.134843157,0.056857773
205,Northern,11-Nov-11,-0.00704052,0.001978109,-8.76171007,71.50736249,-1617.099241,1.268781071,259.1559325,234.5396073,2.16878152,0.030071601,0.026799286,0.914258738,37.11036107,0.004825456,0.207920983,15.52257696,1.499960886,-1.645016566,0.105902354,-0.02345278,0.075180742,0.355256312,0.042940879,0.021096393,0.37140166,0.004611502,2.943294411,2.394234367,0.015350697,-0.868226372,-0.008476526,0.004791017,0.002608421,116.1418411,0.186343238,0.043789992
206,Northern,17-Nov-11,-0.034636171,0.001240926,-61.30724751,27.86394449,-2931.047967,0.751232024,49.1614929,17.9823859,-0.367427413,-0.015750595,-0.003947863,0.108205133,4.183116197,-0.000191024,0.089217129,12.91777183,0.262377309,-3.010417129,-0.049777954,-0.012862259,0.014017604,0.157549959,0.018797069,0.010339897,0.103018651,-0.000414607,0.857771714,0.955972014,0.013482629,-2.319891575,-0.015858934,0.001244744,-0.001625321,26.87225067,0.223850139,0.028257435
207,Northern,23-Nov-11,-0.034661331,-0.000616777,-83.59931095,24.0804918,-4037.64694,0.561078777,7.1654686,-16.2508917,-0.345443975,-0.037119415,0.000574964,0.13506663,7.683655449,0.002156687,0.059714764,26.28633166,0.263456625,-2.969829467,-0.053909437,-0.066656442,-0.001396882,0.057124605,0.144221736,0.007438235,0.063833923,0.000528972,1.299633897,1.725785513,0.013380766,-4.334577765,-0.02031885,0.001985456,-0.001099522,-32.70316658,0.107996529,0.013727805
209,Southern,30-Oct-11,-0.02605722,-0.000255557,-74.10859702,62.20829388,-3421.027387,0.310658064,177.5992111,204.2206302,0.091230547,0.135155318,0.012496665,1.331588001,41.95524897,0.028147774,0.153176454,18.37419882,1.593748325,-1.391702108,0.049544831,0.051974695,0.017774865,0.261849379,0.06875979,0.002044243,0.142192562,0.002301287,2.939000101,0.489979925,0.016824113,-1.775955735,-0.013139266,0.004284428,0.001600376,250.8818819,0.351622402,0.025230608
210,Southern,5-Nov-11,-0.050799259,0.00049637,-123.5897149,19.06032038,-6799.145408,-2.825386243,-38.415536,3.4059232,-1.601167163,-0.15706544,-0.023354671,0.143899009,3.809740842,0.000620752,0.032239279,5.739378779,0.422993406,-2.414560232,-0.042579322,0.128444312,-0.006081708,0.323318043,0.021386153,0.004495397,0.103479815,-0.001328136,0.625972157,0.318278783,0.012221264,-2.663029195,-0.015819268,0.00414639,-0.000726581,8.212989207,0.163972846,0.018968289
211,Southern,11-Nov-11,0.037876572,0.000127779,-154.1024401,30.76962976,-5869.96615,0.822199079,0.0889964,15.4557116,0.85150901,0.025088528,0.020594623,0.663539587,26.50703068,0.00315794,0.105108431,17.77264477,0.916058441,-2.353261496,0.016590054,-0.095738099,-0.003086866,0.122968142,0.036124432,0.015084769,0.29609123,-0.000108878,4.59494151,2.285372583,0.02642414,-2.590394436,-0.018259361,0.004998374,0.024402053,78.28180382,0.362929841,0.041681354
212,Southern,17-Nov-11,-0.016504086,0.003459848,1.09309784,50.56572347,-2727.138366,0.304772645,233.4790853,242.9332878,-0.341038684,0.001327145,0.012964115,0.1134144,5.864973384,0.00241118,0.155827351,6.063378418,0.659224937,-2.566854967,-0.047426353,0.079746792,0.021642118,0.239694979,0.009997455,0.005614402,0.060078726,0.000165625,0.994822288,0.632070377,0.010133393,-2.183079868,-0.018474036,0.003305684,-0.000685852,28.76828775,0.291982403,0.01796141
213,Southern,23-Nov-11,0.007704065,0.001616889,-35.49209354,25.33105673,-3888.895012,-0.121784724,36.362865,2.1527189,0.082049989,0.028816497,-0.010006139,0.029479865,-1.326069015,-0.000585148,0.252179222,4.196358899,0.071828282,-3.611268555,-0.059078285,-0.006094236,-0.00788419,0.084835635,0.01144385,0.002615856,0.043140025,-0.000970538,0.559572641,0.708353402,0.010482463,4.904736308,-0.015462081,0.001624573,0.00047002,26.60477665,0.226927776,0.002689596
215,Middle,30-Oct-11,-0.044589345,0.00177907,-121.5269885,37.00230982,-5315.803394,0.955117915,-15.7892698,-49.3975474,0.749111794,-0.024745836,0.022801972,0.517538451,52.01984498,0.002466599,0.038291768,47.82818597,0.191380623,-2.793664006,0.017382911,-0.038302318,0.003742951,0.180364653,0.096294426,0.010603905,0.347911768,0.000962742,1.868230877,1.333983503,0.024281152,-2.659019816,-0.01458216,0.003754833,-0.000745351,43.17811592,0.265754178,0.033844432
216,Middle,5-Nov-11,-0.03452094,0.000127779,-45.71125715,33.63784477,-2950.161051,-0.041783034,52.9494522,48.0280878,0.611097968,-0.030071931,0.003918339,0.302158243,14.59638517,0.001639652,0.069173537,14.0913698,0.609398523,-2.822432688,-0.045045986,0.055203368,0.035941647,0.267508948,0.028409941,0.004267721,0.213227142,0.001224049,1.652452739,1.010295893,0.01198805,-2.312841645,-0.012155735,0.002361525,-0.000729771,25.120269,0.310868882,0.022475696
217,Middle,11-Nov-11,-0.035533869,0.000879706,-64.50599865,85.17232308,-4002.596126,0.506019132,174.8417284,188.2659226,1.937400465,-0.01428135,0.037703668,1.002076257,63.00915821,0.004957037,0.153429814,39.81735972,1.339322178,-1.921188978,0.000224133,-0.099273516,0.048917516,0.424828989,0.069669806,0.004330695,0.439303959,0.002613287,4.237690185,3.260075613,0.013289614,-3.072671953,-0.012903371,0.00583517,0.00061061,36.70553928,0.480383391,0.052590995
218,Middle,17-Nov-11,-0.03633596,0.001609517,-96.42025361,12.66177202,-4086.283058,0.486317175,21.1912353,-13.5590084,-0.178782849,-0.010499846,0.000755055,0.248139562,6.019050598,-0.000231273,0.027294067,19.04160689,0.317992234,-3.017833397,-0.048505069,-0.101503306,-0.002857796,0.097376149,0.028266468,0.006941707,0.114306857,-0.000384557,0.993130224,0.620700315,0.012374646,-0.581333357,-0.018680205,0.00558165,-0.001753642,52.56275571,0.291069179,0.01232852
219,Middle,23-Nov-11,-0.053520531,-0.000063889,-97.01498485,14.03450429,-4814.756821,0.427011252,-43.1497481,-66.909729,-0.011867901,-0.029586809,-0.0062364,0.060856113,1.844576463,-0.000153563,0.010562923,13.12111725,-0.003010829,-3.221445241,-0.06041769,-0.057701887,-0.027296916,-0.098051342,0.009419577,0.004165993,0.094339613,-0.000123119,0.539942291,0.333503069,0.012094674,-5.701132885,-0.024044798,0.000717104,-0.002061932,23.359711,0.503239159,0.01844938
223,Northern,29-Nov-11,-0.048296321,0.001513923,-134.0949148,-9.7550578,-3465.921045,0.251802905,-108.0586256,-99.4760213,0.887012348,0.010024796,0.012576528,0.042363069,2.531501164,0.012098323,0.046173592,18.45944026,0.751137188,-6.044687263,0.008382405,0.040324834,0.060095368,0.039945639,0.011771287,0.005648454,0.108151921,-0.000819529,0.578565869,0.581856618,0.00713155,-0.408770876,-0.027830491,0.000712067,-0.001740161,115.0244352,0.050421355,0.01394465
224,Northern,5-Dec-11,-0.037262229,-0.000124563,-134.0214176,56.53144611,-4252.466307,1.28659198,-77.4930342,-66.6239008,2.076086822,0.15887702,0.258635298,0.359215383,34.98508181,0.013122875,0.186195029,64.37260217,0.941021001,0.963250157,0.160217388,0.085786155,0.026139333,0.229062193,0.048830898,0.006638066,0.739014576,0.010492493,3.019413015,2.940061858,0.010162621,-1.491321112,-0.009962172,0.005826052,0.00042435,57.18017194,0.507410992,0.098338246
225,Northern,11-Dec-11,-0.069152161,0.001679209,-108.6499838,58.33735038,-3683.048681,1.039663939,26.6972832,87.0380869,1.342469973,0.023578375,0.095047629,0.367728912,9.277346907,0.009369988,0.064057093,188.8561808,2.172520056,2.382251955,0.149464017,0.191925716,0.01347321,0.106623192,0.03161428,0.019495998,0.385093577,-0.000824058,0.517821219,2.067479707,0.044680451,-0.676581032,-0.013788994,0.004903942,0.000625894,260.9606888,0.359160222,0.064753645
226,Northern,17-Dec-11,-0.01949409,0.000594071,-98.60364134,39.66762887,-3232.52122,0.302998131,32.20808,17.7228191,0.235324464,-0.01067732,0.069077185,-0.018167838,-1.542318488,0.005675144,-0.024214177,103.187334,0.347644913,0.396661659,0.012958647,0.156662836,0.011207971,0.024302006,0.006096406,0.003383131,0.036293276,-0.000669908,0.136479342,0.460981185,0.026050836,-4.212645837,-0.024882909,0.002265012,-0.000881014,110.9654587,0.160065119,0.008676342
227,Northern,23-Dec-11,-0.038248131,0.000960574,-109.4728259,6.91971104,-3559.880349,0.325822746,-94.9965748,-74.4497965,0.708656904,-0.011482884,0.022884107,0.03206178,9.26840013,0.006869912,0.011341676,16.44642956,0.233527761,0.451061428,-0.8097795,0.079534797,-0.011285003,-0.078159149,0.016022996,0.004940247,0.195547272,-0.000422416,0.883634744,1.425178841,0.010731755,-0.521549618,-0.02568523,0.000932507,-0.001811473,36.99012607,0.114607889,0.029323943
228,Northern,29-Dec-11,0.005994932,0.002944005,-5.86560968,106.3403081,-1235.099355,1.115270094,214.8584419,203.1999063,2.570497931,0.055527688,0.174448013,1.300684125,49.56377808,0.013080484,0.08221584,37.72369727,2.462609841,2.494778423,0.295534033,0.141104313,0.082831178,0.434310695,0.063322665,0.055018877,0.604329237,0.003862368,2.672459511,2.786939321,0.010632568,-1.976240342,-0.017691925,0.013436414,0.004183481,52.00450939,0.441386349,0.098917756
230,Southern,29-Nov-11,-0.006062336,0.001140233,-19.05749753,36.02197818,-941.804182,0.126179058,95.9269935,101.1244209,0.899160154,0.012197592,0.050929077,0.362617318,4.727106112,0.007880442,-0.001342299,9.777221519,1.233636857,1.241765335,0.023938442,0.061727896,0.008259946,0.065530691,0.003089889,0.001856501,0.061845492,0.000902209,0.442879958,0.891602949,0.013203518,-2.449501387,-0.026332331,0.000959467,-3.64E-06,19.19795906,0.129319465,0.011676537
231,Southern,5-Dec-11,-0.041121505,0.000594071,-141.8271536,28.2000452,-4407.7144,0.067875926,92.5496022,41.062987,0.778719504,0.54934445,0.079815325,0.96211818,83.0977266,0.013402002,0.464733471,11.52248981,2.017662468,2.128998504,0.046747122,0.065678084,-0.023273284,0.110945084,0.032762298,-0.001752537,0.103201853,0.028164224,0.371296279,0.541044511,0.01037476,-2.30887431,-0.021015895,0.002547125,-0.000732437,68.07310952,0.245980858,0.073822658
232,Southern,11-Dec-11,0.041366273,0.004582491,-63.56167719,68.51903097,-3383.597879,0.778312646,311.6826008,284.8271756,1.400162233,0.687554663,0.321418522,2.487319414,46.10860326,0.014497314,0.455412785,13.16216617,13.49723354,14.84147073,0.118854322,0.158392596,0.04050315,0.407463672,0.032499718,0.041098636,0.285726206,0.002504662,0.637320773,0.844597106,0.022939043,-1.030408694,0.021224551,0.005870986,0.002018242,272.4760291,0.542304949,-0.031869096
234,Middle,29-Nov-11,-0.041687607,0.000967761,-116.6439035,4.43619376,-4355.2859,0.23201059,-118.8430406,-91.2230833,0.474356757,-0.010413522,-0.008763031,0.068378812,0.009265795,0.006811217,-0.010968396,10.55553535,0.558430301,0.292900042,0.007650065,0.10544393,-0.015028579,-0.11605749,0.008225256,0.006616961,0.108796429,-0.001803183,0.109227217,0.362864137,0.013691958,-2.480432116,-0.026083677,0.000829071,-0.002044118,10.12426433,0.267479045,0.013164602
235,Middle,5-Dec-11,-0.034235565,0.002038526,-87.71836158,59.22218902,-3561.914794,0.773669627,14.9353077,2.4686531,1.667593949,0.059428669,0.137574591,0.358882572,39.86305157,0.010199543,0.103194924,11.5822214,1.407589252,1.302694313,0.050465429,0.08531412,-0.030208957,0.258456502,0.033152382,0.00743773,0.578185559,-0.000477185,2.82101862,2.576544183,0.010622325,-1.456223232,-0.019456409,0.007827981,0.00073754,53.71153654,0.471603002,0.055135244
236,Middle,11-Dec-11,-0.037549706,0.002419402,-81.77660403,28.00848251,-3662.850082,0.470622686,43.5441756,58.2357626,0.544978968,0.040915204,0.192467117,0.636624352,11.47760534,0.008915429,0.103036563,14.99877373,0.971889186,1.12034781,0.084865957,0.186649483,-0.010828371,0.113543601,0.036698182,0.024959974,0.321555625,-0.001577516,0.832054034,1.090013549,0.0105562,1.682763277,-0.007780762,0.002875405,-0.000453263,208.6186841,0.39953168,0.060549411
237,Middle,17-Dec-11,-0.055602993,0.001319892,-151.3754857,15.83354226,-5458.194136,0.400532023,-198.9136561,-185.9447848,1.253979493,0.003996222,0.058539716,0.44027505,36.26156017,0.009726723,0.031084035,15.18128626,0.769237345,0.834206208,0.21196058,0.029595354,-0.023918686,-0.066298185,0.040739432,0.003988155,0.406622702,-0.002236122,1.519529994,2.063778733,0.015801999,-1.232047408,-0.023218787,0.042202624,0.002072181,13.26388637,0.303678763,0.039630554
238,Middle,23-Dec-11,-0.037163918,0.001686395,-97.39999929,10.16524115,-3378.209802,0.325834948,-56.5039296,-74.2907861,0.577472384,-0.002969814,0.027223356,0.149915652,8.238871907,0.006814478,0.013932012,14.71096385,0.347844462,0.445827759,0.014127914,0.071603366,-0.025540995,-0.148183907,0.015578385,0.003235393,0.245683615,-0.001493234,0.29775617,0.539373639,0.010934439,-2.316680205,-0.025075318,0.001584662,-0.001104426,6.866065155,0.432420122,0.024424132
239,Middle,29-Dec-11,-0.063455733,0.001319892,-178.3218199,45.61109194,-5688.347265,0.863143825,-88.6748836,-84.0930569,1.549408105,0.025504577,0.292022325,1.548692295,100.6963616,0.016313921,0.266352173,53.20626792,5.250671368,5.222117727,0.185760846,0.09704357,0.005250441,0.154946407,0.098122297,0.039766645,1.064608616,-0.000853159,4.059399887,5.156579182,0.019615113,-0.843120774,-0.007164729,0.007589745,0.000337487,65.44431061,1.084128887,0.185334728
